#Time,Time [msec],BothArmsLabel,Start/End,RightArmLabel,Start/End,LeftArmLabel,Start/End,Locomotion,Start/End,SessionLabel,Info10
17:36:45.504,63405504,,,,,,,,,S1,Start
17:36:47.163,63407163,DrinkGlass,Start,DrinkGlass,Start,,,,,,
17:36:50.347,63410347,DrinkGlass,End,DrinkGlass,End,,,,,,
17:36:51.408,63411408,PourWater,Start,PourWater,Start,,,,,,
17:36:54.161,63414161,PourWater,End,PourWater,End,,,,,,
17:36:54.625,63414625,StandUp,Start,StandUp,Start,StandUp,Start,StandUp,Start,,
17:36:56.176,63416176,StandUp,End,StandUp,End,StandUp,End,StandUp,End,,
17:36:57.727,63417727,Walk,Start,Walk,Start,Walk,Start,Walk,Start,,
17:37:00.317,63420317,Walk,End,Walk,End,Walk,End,Walk,End,,
17:37:01.252,63421252,OpenDoor,Start,OpenDoor,Start,,,,,,
17:37:05.059,63425059,OpenDoor,End,OpenDoor,End,,,,,,
17:37:08.020,63428020,CleanTable,Start,CleanTable,Start,,,,,,
17:37:11.968,63431968,CleanTable,End,CleanTable,End,,,,,,
17:37:14.788,63434788,Walk,Start,Walk,Start,Walk,Start,Walk,Start,,
17:37:18.313,63438313,Walk,End,Walk,End,Walk,End,Walk,End,,
17:37:18.521,63438521,SitDown,Start,SitDown,Start,SitDown,Start,SitDown,Start,,
17:37:20.354,63440354,SitDown,End,SitDown,End,SitDown,End,SitDown,End,,
17:37:21.341,63441341,PourWater,Start,PourWater,Start,,,,,,
17:37:25.007,63445007,PourWater,End,PourWater,End,,,,,,
17:37:26.276,63446276,DrinkGlass,Start,DrinkGlass,Start,,,,,,
17:37:29.942,63449942,DrinkGlass,End,DrinkGlass,End,,,,,,
17:37:30.365,63450365,StandUp,Start,StandUp,Start,StandUp,Start,StandUp,Start,,
17:37:32.480,63452480,StandUp,End,StandUp,End,StandUp,End,StandUp,End,,
17:37:33.890,63453890,Walk,Start,Walk,Start,Walk,Start,Walk,Start,,
17:37:39.389,63459389,Walk,End,Walk,End,Walk,End,Walk,End,,
17:37:39.530,63459530,OpenDoor,Start,OpenDoor,Start,,,,,,
17:37:44.465,63464465,OpenDoor,End,OpenDoor,End,,,,,,
17:37:49.118,63469118,BrushTeeth,Start,BrushTeeth,Start,,,,,,
17:37:52.643,63472643,BrushTeeth,End,BrushTeeth,End,,,,,,
17:37:56.168,63476168,Walk,Start,Walk,Start,Walk,Start,Walk,Start,,
17:38:02.090,63482090,Walk,End,Walk,End,Walk,End,Walk,End,,
17:38:04.205,63484205,CleanTable,Start,CleanTable,Start,,,,,,
17:38:08.858,63488858,CleanTable,End,CleanTable,End,,,,,,
17:38:14.075,63494075,SitDown,Start,SitDown,Start,SitDown,Start,SitDown,Start,,
17:38:16.754,63496754,SitDown,End,SitDown,End,SitDown,End,SitDown,End,,
17:38:17.882,63497882,DrinkGlass,Start,DrinkGlass,Start,,,,,,
17:38:21.266,63501266,DrinkGlass,End,DrinkGlass,End,,,,,,
17:38:22.112,63502112,PourWater,Start,PourWater,Start,,,,,,
17:38:25.919,63505919,PourWater,End,PourWater,End,,,,,,
17:38:26.059,63506059,StandUp,Start,StandUp,Start,StandUp,Start,StandUp,Start,,
17:38:28.597,63508597,StandUp,End,StandUp,End,StandUp,End,StandUp,End,,
17:38:34.519,63514519,CloseDoor,Start,CloseDoor,Start,,,,,,
17:38:38.467,63518467,CloseDoor,End,CloseDoor,End,,,,,,
17:38:41.569,63521569,BrushTeeth,Start,BrushTeeth,Start,,,,,,
17:38:44.812,63524812,BrushTeeth,End,BrushTeeth,End,,,,,,
17:39:02.578,63542578,BrushTeeth,Start,BrushTeeth,Start,,,,,,
17:39:10.756,63550756,BrushTeeth,End,BrushTeeth,End,,,,,,
17:39:13.858,63553858,Walk,Start,Walk,Start,Walk,Start,Walk,Start,,
17:39:19.496,63559496,Walk,End,Walk,End,Walk,End,Walk,End,,
17:39:21.752,63561752,CleanTable,Start,CleanTable,Start,,,,,,
17:39:27.533,63567533,CleanTable,End,CleanTable,End,,,,,,
17:39:30.776,63570776,CloseDoor,Start,CloseDoor,Start,,,,,,
17:39:35.570,63575570,CloseDoor,End,CloseDoor,End,,,,,,
17:39:38.390,63578390,OpenDoor,Start,OpenDoor,Start,,,,,,
17:39:42.480,63582480,OpenDoor,End,OpenDoor,End,,,,,,
17:39:44.454,63584454,Walk,Start,Walk,Start,Walk,Start,Walk,Start,,
17:39:47.133,63587133,Walk,End,Walk,End,Walk,End,Walk,End,,
17:39:47.979,63587979,SitDown,Start,SitDown,Start,SitDown,Start,SitDown,Start,,
17:39:50.517,63590517,SitDown,End,SitDown,End,SitDown,End,SitDown,End,,
17:39:50.799,63590799,StandUp,Start,StandUp,Start,StandUp,Start,StandUp,Start,,
17:39:53.337,63593337,StandUp,End,StandUp,End,StandUp,End,StandUp,End,,
17:39:54.606,63594606,PourWater,Start,PourWater,Start,,,,,,
17:39:58.131,63598131,PourWater,End,PourWater,End,,,,,,
17:39:59.400,63599400,CleanTable,Start,CleanTable,Start,,,,,,
17:40:03.489,63603489,CleanTable,End,CleanTable,End,,,,,,
17:40:05.886,63605886,DrinkGlass,Start,DrinkGlass,Start,,,,,,
17:40:10.257,63610257,DrinkGlass,End,DrinkGlass,End,,,,,,
17:40:11.949,63611949,Walk,Start,Walk,Start,Walk,Start,Walk,Start,,
17:40:14.769,63614769,Walk,End,Walk,End,Walk,End,Walk,End,,
17:40:16.179,63616179,SitDown,Start,SitDown,Start,SitDown,Start,SitDown,Start,,
17:40:18.153,63618153,SitDown,End,SitDown,End,SitDown,End,SitDown,End,,
17:40:19.138,63619138,CleanTable,Start,CleanTable,Start,,,,,,
17:40:24.496,63624496,CleanTable,End,CleanTable,End,,,,,,
17:40:25.624,63625624,StandUp,Start,StandUp,Start,StandUp,Start,StandUp,Start,,
17:40:28.726,63628726,StandUp,End,StandUp,End,StandUp,End,StandUp,End,,
17:40:30.559,63630559,Walk,Start,Walk,Start,Walk,Start,Walk,Start,,
17:40:34.930,63634930,Walk,End,Walk,End,Walk,End,Walk,End,,
17:40:36.763,63636763,BrushTeeth,Start,BrushTeeth,Start,,,,,,
17:40:43.250,63643250,BrushTeeth,End,BrushTeeth,End,,,,,,
17:40:45.647,63645647,Walk,Start,Walk,Start,Walk,Start,Walk,Start,,
17:40:50.441,63650441,Walk,End,Walk,End,Walk,End,Walk,End,,
17:40:50.474,63650474,CloseDoor,Start,CloseDoor,Start,,,,,,
17:40:55.550,63655550,CloseDoor,End,CloseDoor,End,,,,,,
17:40:57.806,63657806,Walk,Start,Walk,Start,Walk,Start,Walk,Start,,
17:41:04.572,63664572,Walk,End,Walk,End,Walk,End,Walk,End,,
17:41:05.277,63665277,BrushTeeth,Start,BrushTeeth,Start,,,,,,
17:41:11.340,63671340,BrushTeeth,End,BrushTeeth,End,,,,,,
17:41:13.596,63673596,OpenDoor,Start,OpenDoor,Start,,,,,,
17:41:17.968,63677968,OpenDoor,End,OpenDoor,End,,,,,,
17:41:22.198,63682198,BrushTeeth,Start,BrushTeeth,Start,,,,,,
17:41:28.126,63688126,BrushTeeth,End,BrushTeeth,End,,,,,,
17:41:31.510,63691510,CloseDoor,Start,CloseDoor,Start,,,,,,
17:41:36.586,63696586,CloseDoor,End,CloseDoor,End,,,,,,
17:41:36.619,63696619,,,,,,,,,S1,End
17:42:12.730,63732730,,,,,,,,,S2,Start
17:42:15.127,63735127,DrinkGlass,Start,,,DrinkGlass,Start,,,,
17:42:18.934,63738934,DrinkGlass,End,,,DrinkGlass,End,,,,
17:42:19.780,63739780,PourWater,Start,,,PourWater,Start,,,,
17:42:23.869,63743869,PourWater,End,,,PourWater,End,,,,
17:42:24.010,63744010,StandUp,Start,StandUp,Start,StandUp,Start,StandUp,Start,,
17:42:25.984,63745984,StandUp,End,StandUp,End,StandUp,End,StandUp,End,,
17:42:26.971,63746971,Walk,Start,Walk,Start,Walk,Start,Walk,Start,,
17:42:30.073,63750073,Walk,End,Walk,End,Walk,End,Walk,End,,
17:42:39.520,63759520,CleanTable,Start,,,CleanTable,Start,,,,
17:42:43.609,63763609,CleanTable,End,,,CleanTable,End,,,,
17:42:45.016,63765016,Walk,Start,Walk,Start,Walk,Start,Walk,Start,,
17:42:48.403,63768403,Walk,End,Walk,End,Walk,End,Walk,End,,
17:42:48.718,63768718,SitDown,Start,SitDown,Start,SitDown,Start,SitDown,Start,,
17:42:50.974,63770974,SitDown,End,SitDown,End,SitDown,End,SitDown,End,,
17:42:52.384,63772384,PourWater,Start,,,PourWater,Start,,,,
17:42:56.052,63776052,PourWater,End,,,PourWater,End,,,,
17:42:57.039,63777039,DrinkGlass,Start,,,DrinkGlass,Start,,,,
17:43:00.846,63780846,DrinkGlass,End,,,DrinkGlass,End,,,,
17:43:01.269,63781269,StandUp,Start,StandUp,Start,StandUp,Start,StandUp,Start,,
17:43:02.961,63782961,StandUp,End,StandUp,End,StandUp,End,StandUp,End,,
17:43:04.230,63784230,Walk,Start,Walk,Start,Walk,Start,Walk,Start,,
17:43:09.729,63789729,Walk,End,Walk,End,Walk,End,Walk,End,,
17:43:10.857,63790857,OpenDoor,Start,OpenDoor,Start,,,,,,
17:43:14.664,63794664,OpenDoor,End,OpenDoor,End,,,,,,
17:43:17.766,63797766,BrushTeeth,Start,BrushTeeth,Start,,,,,,
17:43:24.114,63804114,BrushTeeth,End,BrushTeeth,End,,,,,,
17:43:27.216,63807216,Walk,Start,Walk,Start,Walk,Start,Walk,Start,,
17:43:32.010,63812010,Walk,End,Walk,End,Walk,End,Walk,End,,
17:43:32.292,63812292,CleanTable,Start,,,CleanTable,Start,,,,
17:43:37.086,63817086,CleanTable,End,,,CleanTable,End,,,,
17:43:38.919,63818919,SitDown,Start,SitDown,Start,SitDown,Start,SitDown,Start,,
17:43:41.316,63821316,SitDown,End,SitDown,End,SitDown,End,SitDown,End,,
17:43:42.162,63822162,DrinkGlass,Start,,,DrinkGlass,Start,,,,
17:43:45.969,63825969,DrinkGlass,End,,,DrinkGlass,End,,,,
17:43:46.674,63826674,PourWater,Start,,,PourWater,Start,,,,
17:43:51.610,63831610,PourWater,End,,,PourWater,End,,,,
17:43:55.840,63835840,Walk,Start,Walk,Start,Walk,Start,Walk,Start,,
17:43:59.647,63839647,Walk,End,Walk,End,Walk,End,Walk,End,,
17:43:59.680,63839680,CloseDoor,Start,CloseDoor,Start,,,,,,
17:44:04.052,63844052,CloseDoor,End,CloseDoor,End,,,,,,
17:44:06.590,63846590,BrushTeeth,Start,BrushTeeth,Start,,,,,,
17:44:11.385,63851385,BrushTeeth,End,BrushTeeth,End,,,,,,
17:44:14.206,63854206,Walk,Start,Walk,Start,Walk,Start,Walk,Start,,
17:44:18.722,63858722,Walk,End,Walk,End,Walk,End,Walk,End,,
17:44:20.132,63860132,CleanTable,Start,,,CleanTable,Start,,,,
17:44:26.618,63866618,CleanTable,End,,,CleanTable,End,,,,
17:44:29.438,63869438,CloseDoor,Start,CloseDoor,Start,,,,,,
17:44:34.656,63874656,CloseDoor,End,CloseDoor,End,,,,,,
17:44:37.053,63877053,OpenDoor,Start,OpenDoor,Start,,,,,,
17:44:40.545,63880545,OpenDoor,End,OpenDoor,End,,,,,,
17:44:42.975,63882975,Walk,Start,Walk,Start,Walk,Start,Walk,Start,,
17:44:46.337,63886337,Walk,End,Walk,End,Walk,End,Walk,End,,
17:44:46.760,63886760,SitDown,Start,SitDown,Start,SitDown,Start,SitDown,Start,,
17:44:48.875,63888875,SitDown,End,SitDown,End,SitDown,End,SitDown,End,,
17:44:49.580,63889580,StandUp,Start,StandUp,Start,StandUp,Start,StandUp,Start,,
17:44:51.977,63891977,StandUp,End,StandUp,End,StandUp,End,StandUp,End,,
17:44:53.105,63893105,PourWater,Start,,,PourWater,Start,,,,
17:44:58.463,63898463,PourWater,End,,,PourWater,End,,,,
17:44:59.591,63899591,CleanTable,Start,,,CleanTable,Start,,,,
17:45:05.231,63905231,CleanTable,End,,,CleanTable,End,,,,
17:45:06.640,63906640,DrinkGlass,Start,,,DrinkGlass,Start,,,,
17:45:11.293,63911293,DrinkGlass,End,,,DrinkGlass,End,,,,
17:45:12.562,63912562,Walk,Start,Walk,Start,Walk,Start,Walk,Start,,
17:45:15.382,63915382,Walk,End,Walk,End,Walk,End,Walk,End,,
17:45:16.933,63916933,SitDown,Start,SitDown,Start,SitDown,Start,SitDown,Start,,
17:45:19.048,63919048,SitDown,End,SitDown,End,SitDown,End,SitDown,End,,
17:45:19.471,63919471,CleanTable,Start,,,CleanTable,Start,,,,
17:45:25.675,63925675,CleanTable,End,,,CleanTable,End,,,,
17:45:26.239,63926239,StandUp,Start,StandUp,Start,StandUp,Start,StandUp,Start,,
17:45:28.495,63928495,StandUp,End,StandUp,End,StandUp,End,StandUp,End,,
17:45:30.469,63930469,Walk,Start,Walk,Start,Walk,Start,Walk,Start,,
17:45:35.545,63935545,Walk,End,Walk,End,Walk,End,Walk,End,,
17:45:37.377,63937377,BrushTeeth,Start,BrushTeeth,Start,,,,,,
17:45:42.876,63942876,BrushTeeth,End,BrushTeeth,End,,,,,,
17:45:45.555,63945555,Walk,Start,Walk,Start,Walk,Start,Walk,Start,,
17:45:50.631,63950631,Walk,End,Walk,End,Walk,End,Walk,End,,
17:45:50.664,63950664,CloseDoor,Start,CloseDoor,Start,,,,,,
17:45:55.740,63955740,CloseDoor,End,CloseDoor,End,,,,,,
17:45:58.701,63958701,Walk,Start,Walk,Start,Walk,Start,Walk,Start,,
17:46:04.338,63964338,Walk,End,Walk,End,Walk,End,Walk,End,,
17:46:04.761,63964761,BrushTeeth,Start,BrushTeeth,Start,,,,,,
17:46:10.967,63970967,BrushTeeth,End,BrushTeeth,End,,,,,,
17:46:14.633,63974633,OpenDoor,Start,OpenDoor,Start,,,,,,
17:46:18.582,63978582,OpenDoor,End,OpenDoor,End,,,,,,
17:46:23.376,63983376,BrushTeeth,Start,BrushTeeth,Start,,,,,,
17:46:27.748,63987748,BrushTeeth,End,BrushTeeth,End,,,,,,
17:46:31.978,63991978,CloseDoor,Start,CloseDoor,Start,,,,,,
17:46:36.772,63996772,CloseDoor,End,CloseDoor,End,,,,,,
17:46:36.805,63996805,,,,,,,,,S2,End
17:47:08.690,64028690,,,,,,,,,S3,Start
17:47:08.723,64028723,StandUp,Start,StandUp,Start,StandUp,Start,StandUp,Start,,
17:47:10.838,64030838,StandUp,End,StandUp,End,StandUp,End,StandUp,End,,
17:47:12.107,64032107,CleanTable,Start,CleanTable,Start,,,,,,
17:47:16.619,64036619,CleanTable,End,CleanTable,End,,,,,,
17:47:17.324,64037324,SitDown,Start,SitDown,Start,SitDown,Start,SitDown,Start,,
17:47:19.298,64039298,SitDown,End,SitDown,End,SitDown,End,SitDown,End,,
17:47:21.131,64041131,PourWater,Start,PourWater,Start,,,,,,
17:47:25.220,64045220,PourWater,End,PourWater,End,,,,,,
17:47:25.394,64045394,StandUp,Start,StandUp,Start,StandUp,Start,StandUp,Start,,
17:47:27.227,64047227,StandUp,End,StandUp,End,StandUp,End,StandUp,End,,
17:47:28.214,64048214,DrinkGlass,Start,DrinkGlass,Start,,,,,,
17:47:32.021,64052021,DrinkGlass,End,DrinkGlass,End,,,,,,
17:47:33.431,64053431,Walk,Start,Walk,Start,Walk,Start,Walk,Start,,
17:47:39.213,64059213,Walk,End,Walk,End,Walk,End,Walk,End,,
17:47:40.482,64060482,DrinkGlass,Start,DrinkGlass,Start,,,,,,
17:47:44.712,64064712,DrinkGlass,End,DrinkGlass,End,,,,,,
17:47:45.840,64065840,OpenDoor,Start,OpenDoor,Start,,,,,,
17:47:50.917,64070917,OpenDoor,End,OpenDoor,End,,,,,,
17:47:53.877,64073877,CloseDoor,Start,CloseDoor,Start,,,,,,
17:47:58.108,64078108,CloseDoor,End,CloseDoor,End,,,,,,
17:48:00.928,64080928,PourWater,Start,PourWater,Start,,,,,,
17:48:06.145,64086145,PourWater,End,PourWater,End,,,,,,
17:48:08.117,64088117,Walk,Start,Walk,Start,Walk,Start,Walk,Start,,
17:48:12.910,64092910,Walk,End,Walk,End,Walk,End,Walk,End,,
17:48:13.615,64093615,Walk,Start,Walk,Start,Walk,Start,Walk,Start,,
17:48:14.179,64094179,Walk,End,Walk,End,Walk,End,Walk,End,,
17:48:15.025,64095025,PourWater,Start,PourWater,Start,,,,,,
17:48:18.832,64098832,PourWater,End,PourWater,End,,,,,,
17:48:21.088,64101088,OpenDoor,Start,OpenDoor,Start,,,,,,
17:48:24.614,64104614,OpenDoor,End,OpenDoor,End,,,,,,
17:48:27.293,64107293,PourWater,Start,PourWater,Start,,,,,,
17:48:30.959,64110959,PourWater,End,PourWater,End,,,,,,
17:48:32.509,64112509,Walk,Start,Walk,Start,Walk,Start,Walk,Start,,
17:48:36.598,64116598,Walk,End,Walk,End,Walk,End,Walk,End,,
17:48:37.726,64117726,OpenDoor,Start,OpenDoor,Start,,,,,,
17:48:42.242,64122242,OpenDoor,End,OpenDoor,End,,,,,,
17:48:44.639,64124639,Walk,Start,Walk,Start,Walk,Start,Walk,Start,,
17:48:46.049,64126049,Walk,End,Walk,End,Walk,End,Walk,End,,
17:48:46.190,64126190,DrinkGlass,Start,DrinkGlass,Start,,,,,,
17:48:50.843,64130843,DrinkGlass,End,DrinkGlass,End,,,,,,
17:48:52.676,64132676,BrushTeeth,Start,BrushTeeth,Start,,,,,,
17:48:58.175,64138175,BrushTeeth,End,BrushTeeth,End,,,,,,
17:49:00.854,64140854,PourWater,Start,PourWater,Start,,,,,,
17:49:06.071,64146071,PourWater,End,PourWater,End,,,,,,
17:49:07.904,64147904,CloseDoor,Start,CloseDoor,Start,,,,,,
17:49:12.698,64152698,CloseDoor,End,CloseDoor,End,,,,,,
17:49:15.236,64155236,DrinkGlass,Start,DrinkGlass,Start,,,,,,
17:49:19.608,64159608,DrinkGlass,End,DrinkGlass,End,,,,,,
17:49:20.729,64160729,Walk,Start,Walk,Start,Walk,Start,Walk,Start,,
17:49:26.228,64166228,Walk,End,Walk,End,Walk,End,Walk,End,,
17:49:27.074,64167074,DrinkGlass,Start,DrinkGlass,Start,,,,,,
17:49:31.307,64171307,DrinkGlass,End,DrinkGlass,End,,,,,,
17:49:33.563,64173563,CloseDoor,Start,CloseDoor,Start,,,,,,
17:49:38.925,64178925,CloseDoor,End,CloseDoor,End,,,,,,
17:49:41.886,64181886,CleanTable,Start,CleanTable,Start,,,,,,
17:49:46.964,64186964,CleanTable,End,CleanTable,End,,,,,,
17:49:48.938,64188938,Walk,Start,Walk,Start,Walk,Start,Walk,Start,,
17:49:53.309,64193309,Walk,End,Walk,End,Walk,End,Walk,End,,
17:49:54.155,64194155,PourWater,Start,PourWater,Start,,,,,,
17:49:58.526,64198526,PourWater,End,PourWater,End,,,,,,
17:49:59.231,64199231,SitDown,Start,SitDown,Start,SitDown,Start,SitDown,Start,,
17:50:01.346,64201346,SitDown,End,SitDown,End,SitDown,End,SitDown,End,,
17:50:02.192,64202192,DrinkGlass,Start,DrinkGlass,Start,,,,,,
17:50:06.564,64206564,DrinkGlass,End,DrinkGlass,End,,,,,,
17:50:07.269,64207269,CleanTable,Start,CleanTable,Start,,,,,,
17:50:12.909,64212909,CleanTable,End,CleanTable,End,,,,,,
17:50:15.447,64215447,PourWater,Start,PourWater,Start,,,,,,
17:50:19.677,64219677,PourWater,End,PourWater,End,,,,,,
17:50:20.382,64220382,StandUp,Start,StandUp,Start,StandUp,Start,StandUp,Start,,
17:50:22.215,64222215,StandUp,End,StandUp,End,StandUp,End,StandUp,End,,
17:50:23.625,64223625,Walk,Start,Walk,Start,Walk,Start,Walk,Start,,
17:50:28.983,64228983,Walk,End,Walk,End,Walk,End,Walk,End,,
17:50:29.829,64229829,OpenDoor,Start,OpenDoor,Start,,,,,,
17:50:33.354,64233354,OpenDoor,End,OpenDoor,End,,,,,,
17:50:36.315,64236315,PourWater,Start,PourWater,Start,,,,,,
17:50:41.817,64241817,PourWater,End,PourWater,End,,,,,,
17:50:43.791,64243791,BrushTeeth,Start,BrushTeeth,Start,,,,,,
17:50:48.726,64248726,BrushTeeth,End,BrushTeeth,End,,,,,,
17:50:51.969,64251969,DrinkGlass,Start,DrinkGlass,Start,,,,,,
17:50:56.765,64256765,DrinkGlass,End,DrinkGlass,End,,,,,,
17:50:57.747,64257747,Walk,Start,Walk,Start,Walk,Start,Walk,Start,,
17:51:03.105,64263105,Walk,End,Walk,End,Walk,End,Walk,End,,
17:51:03.528,64263528,CleanTable,Start,CleanTable,Start,,,,,,
17:51:08.745,64268745,CleanTable,End,CleanTable,End,,,,,,
17:51:11.565,64271565,OpenDoor,Start,OpenDoor,Start,,,,,,
17:51:14.978,64274978,OpenDoor,End,OpenDoor,End,,,,,,
17:51:16.782,64276782,Walk,Start,Walk,Start,Walk,Start,Walk,Start,,
17:51:19.179,64279179,Walk,End,Walk,End,Walk,End,Walk,End,,
17:51:20.307,64280307,DrinkGlass,Start,DrinkGlass,Start,,,,,,
17:51:24.537,64284537,DrinkGlass,End,DrinkGlass,End,,,,,,
17:51:25.806,64285806,SitDown,Start,SitDown,Start,SitDown,Start,SitDown,Start,,
17:51:28.062,64288062,SitDown,End,SitDown,End,SitDown,End,SitDown,End,,
17:51:29.331,64289331,StandUp,Start,StandUp,Start,StandUp,Start,StandUp,Start,,
17:51:31.728,64291728,StandUp,End,StandUp,End,StandUp,End,StandUp,End,,
17:51:33.417,64293417,Walk,Start,Walk,Start,Walk,Start,Walk,Start,,
17:51:39.057,64299057,Walk,End,Walk,End,Walk,End,Walk,End,,
17:51:39.090,64299090,CloseDoor,Start,CloseDoor,Start,,,,,,
17:51:44.305,64304305,CloseDoor,End,CloseDoor,End,,,,,,
17:51:44.338,64304338,,,,,,,,,S3,End
17:52:15.654,64335654,,,,,,,,,S4,Start
17:52:15.687,64335687,StandUp,Start,StandUp,Start,StandUp,Start,StandUp,Start,,
17:52:17.379,64337379,StandUp,End,StandUp,End,StandUp,End,StandUp,End,,
17:52:18.364,64338364,CleanTable,Start,,,CleanTable,Start,,,,
17:52:23.158,64343158,CleanTable,End,,,CleanTable,End,,,,
17:52:23.581,64343581,SitDown,Start,SitDown,Start,SitDown,Start,SitDown,Start,,
17:52:25.696,64345696,SitDown,End,SitDown,End,SitDown,End,SitDown,End,,
17:52:27.106,64347106,PourWater,Start,,,PourWater,Start,,,,
17:52:30.772,64350772,PourWater,End,,,PourWater,End,,,,
17:52:31.477,64351477,StandUp,Start,StandUp,Start,StandUp,Start,StandUp,Start,,
17:52:33.733,64353733,StandUp,End,StandUp,End,StandUp,End,StandUp,End,,
17:52:34.438,64354438,DrinkGlass,Start,,,DrinkGlass,Start,,,,
17:52:38.950,64358950,DrinkGlass,End,,,DrinkGlass,End,,,,
17:52:40.499,64360499,Walk,Start,Walk,Start,Walk,Start,Walk,Start,,
17:52:46.280,64366280,Walk,End,Walk,End,Walk,End,Walk,End,,
17:52:46.985,64366985,DrinkGlass,Start,,,DrinkGlass,Start,,,,
17:52:51.497,64371497,DrinkGlass,End,,,DrinkGlass,End,,,,
17:52:52.625,64372625,OpenDoor,Start,OpenDoor,Start,,,,,,
17:52:56.432,64376432,OpenDoor,End,OpenDoor,End,,,,,,
17:52:59.111,64379111,CloseDoor,Start,CloseDoor,Start,,,,,,
17:53:03.200,64383200,CloseDoor,End,CloseDoor,End,,,,,,
17:53:07.148,64387148,PourWater,Start,,,PourWater,Start,,,,
17:53:11.378,64391378,PourWater,End,,,PourWater,End,,,,
17:53:12.928,64392928,Walk,Start,Walk,Start,Walk,Start,Walk,Start,,
17:53:17.581,64397581,Walk,End,Walk,End,Walk,End,Walk,End,,
17:53:18.709,64398709,PourWater,Start,,,PourWater,Start,,,,
17:53:23.080,64403080,PourWater,End,,,PourWater,End,,,,
17:53:26.041,64406041,OpenDoor,Start,OpenDoor,Start,,,,,,
17:53:30.412,64410412,OpenDoor,End,OpenDoor,End,,,,,,
17:53:34.078,64414078,PourWater,Start,,,PourWater,Start,,,,
17:53:38.167,64418167,PourWater,End,,,PourWater,End,,,,
17:53:40.423,64420423,Walk,Start,Walk,Start,Walk,Start,Walk,Start,,
17:53:45.358,64425358,Walk,End,Walk,End,Walk,End,Walk,End,,
17:53:46.345,64426345,OpenDoor,Start,OpenDoor,Start,,,,,,
17:53:50.011,64430011,OpenDoor,End,OpenDoor,End,,,,,,
17:53:52.267,64432267,DrinkGlass,Start,,,DrinkGlass,Start,,,,
17:53:56.499,64436499,DrinkGlass,End,,,DrinkGlass,End,,,,
17:53:58.473,64438473,BrushTeeth,Start,BrushTeeth,Start,,,,,,
17:54:03.972,64443972,BrushTeeth,End,BrushTeeth,End,,,,,,
17:54:07.638,64447638,PourWater,Start,,,PourWater,Start,,,,
17:54:12.996,64452996,PourWater,End,,,PourWater,End,,,,
17:54:15.252,64455252,CloseDoor,Start,CloseDoor,Start,,,,,,
17:54:20.328,64460328,CloseDoor,End,CloseDoor,End,,,,,,
17:54:22.866,64462866,DrinkGlass,Start,,,DrinkGlass,Start,,,,
17:54:26.673,64466673,DrinkGlass,End,,,DrinkGlass,End,,,,
17:54:28.224,64468224,Walk,Start,Walk,Start,Walk,Start,Walk,Start,,
17:54:33.018,64473018,Walk,End,Walk,End,Walk,End,Walk,End,,
17:54:33.864,64473864,DrinkGlass,Start,,,DrinkGlass,Start,,,,
17:54:38.517,64478517,DrinkGlass,End,,,DrinkGlass,End,,,,
17:54:40.209,64480209,CloseDoor,Start,CloseDoor,Start,,,,,,
17:54:45.426,64485426,CloseDoor,End,CloseDoor,End,,,,,,
17:54:48.246,64488246,CleanTable,Start,,,CleanTable,Start,,,,
17:54:53.322,64493322,CleanTable,End,,,CleanTable,End,,,,
17:54:54.871,64494871,Walk,Start,Walk,Start,Walk,Start,Walk,Start,,
17:54:58.819,64498819,Walk,End,Walk,End,Walk,End,Walk,End,,
17:54:59.665,64499665,PourWater,Start,,,PourWater,Start,,,,
17:55:03.755,64503755,PourWater,End,,,PourWater,End,,,,
17:55:03.788,64503788,SitDown,Start,SitDown,Start,SitDown,Start,SitDown,Start,,
17:55:06.890,64506890,SitDown,End,SitDown,End,SitDown,End,SitDown,End,,
17:55:08.300,64508300,DrinkGlass,Start,,,DrinkGlass,Start,,,,
17:55:12.530,64512530,DrinkGlass,End,,,DrinkGlass,End,,,,
17:55:13.094,64513094,CleanTable,Start,,,CleanTable,Start,,,,
17:55:19.157,64519157,CleanTable,End,,,CleanTable,End,,,,
17:55:20.849,64520849,PourWater,Start,,,PourWater,Start,,,,
17:55:24.656,64524656,PourWater,End,,,PourWater,End,,,,
17:55:25.361,64525361,StandUp,Start,StandUp,Start,StandUp,Start,StandUp,Start,,
17:55:27.476,64527476,StandUp,End,StandUp,End,StandUp,End,StandUp,End,,
17:55:28.604,64528604,Walk,Start,Walk,Start,Walk,Start,Walk,Start,,
17:55:33.680,64533680,Walk,End,Walk,End,Walk,End,Walk,End,,
17:55:34.526,64534526,OpenDoor,Start,OpenDoor,Start,,,,,,
17:55:37.489,64537489,OpenDoor,End,OpenDoor,End,,,,,,
17:55:39.322,64539322,PourWater,Start,,,PourWater,Start,,,,
17:55:44.117,64544117,PourWater,End,,,PourWater,End,,,,
17:55:46.232,64546232,BrushTeeth,Start,BrushTeeth,Start,,,,,,
17:55:51.167,64551167,BrushTeeth,End,BrushTeeth,End,,,,,,
17:55:53.846,64553846,DrinkGlass,Start,,,DrinkGlass,Start,,,,
17:55:58.218,64558218,DrinkGlass,End,,,DrinkGlass,End,,,,
17:55:59.487,64559487,Walk,Start,Walk,Start,Walk,Start,Walk,Start,,
17:56:04.281,64564281,Walk,End,Walk,End,Walk,End,Walk,End,,
17:56:04.845,64564845,CleanTable,Start,,,CleanTable,Start,,,,
17:56:09.921,64569921,CleanTable,End,,,CleanTable,End,,,,
17:56:12.177,64572177,OpenDoor,Start,OpenDoor,Start,,,,,,
17:56:16.125,64576125,OpenDoor,End,OpenDoor,End,,,,,,
17:56:17.112,64577112,Walk,Start,Walk,Start,Walk,Start,Walk,Start,,
17:56:20.355,64580355,Walk,End,Walk,End,Walk,End,Walk,End,,
17:56:21.765,64581765,DrinkGlass,Start,,,DrinkGlass,Start,,,,
17:56:26.377,64586377,DrinkGlass,End,,,DrinkGlass,End,,,,
17:56:26.410,64586410,SitDown,Start,SitDown,Start,SitDown,Start,SitDown,Start,,
17:56:29.230,64589230,SitDown,End,SitDown,End,SitDown,End,SitDown,End,,
17:56:29.653,64589653,StandUp,Start,StandUp,Start,StandUp,Start,StandUp,Start,,
17:56:32.755,64592755,StandUp,End,StandUp,End,StandUp,End,StandUp,End,,
17:56:34.447,64594447,Walk,Start,Walk,Start,Walk,Start,Walk,Start,,
17:56:40.291,64600291,Walk,End,Walk,End,Walk,End,Walk,End,,
17:56:41.215,64601215,CloseDoor,Start,CloseDoor,Start,,,,,,
17:56:45.727,64605727,CloseDoor,End,CloseDoor,End,,,,,,
17:56:45.760,64605760,,,,,,,,,S4,End
